<Ui xmlns:xsi="http://www.w3.org/2001/XMLSchema-instance"
  xmlns:xsd="http://www.w3.org/2001/XMLSchema" xmlns="http://www.blizzard.com/wow/ui/">
  <Script file="RangeFinder_Classic.lua" />
  <Frame name="RangeFinder_Classic_Frame" parent="UIParent" toplevel="true" movable="true" enableMouse="true"
    inherits="TooltipBorderedFrameTemplate">
    <Size>
      <AbsDimension x="135" y="35" />
    </Size>
    <Anchors>
      <Anchor point="TOPLEFT" relativeTo="UIParent" />
    </Anchors>
    <Scripts>
      <OnLoad>
        RangeFinder_Classic_OnLoad(self);
      </OnLoad>
    </Scripts>
    <Layers>
      <Layer>
        <FontString name="RangeText" inherits="GameFontNormalSmall" text="Something is Wrong"
          justifyV="TOP" justifyH="CENTER">
          <Anchors>
            <Anchor point="CENTER" />
          </Anchors>
        </FontString>
      </Layer>
    </Layers>
  </Frame>
</Ui>